rec_id,time_into_video,label,EDA,PPG
001-easy,0:10,Neutral,464,193
001-easy,0:10,Neutral,479,192
001-easy,0:10,Neutral,491,195
001-easy,0:10,Neutral,504,195
001-easy,0:10,Neutral,516,197
001-easy,0:10,Neutral,526,198
001-easy,0:10,Neutral,534,199
001-easy,0:10,Neutral,542,199
001-easy,0:10,Neutral,548,201
001-easy,0:10,Neutral,552,202
001-easy,0:10,Neutral,555,203
001-easy,0:10,Neutral,560,204
001-easy,0:10,Neutral,560,205
001-easy,0:10,Neutral,559,206
001-easy,0:10,Neutral,559,207
001-easy,0:10,Neutral,556,207
001-easy,0:10,Neutral,552,209
001-easy,0:10,Neutral,548,208
001-easy,0:10,Neutral,542,210
001-easy,0:10,Neutral,537,209
001-easy,0:10,Neutral,531,211
001-easy,0:10,Neutral,526,211
001-easy,0:10,Neutral,518,212
001-easy,0:10,Neutral,511,212
001-easy,0:10,Neutral,503,212
001-easy,0:10,Neutral,497,211
001-easy,0:10,Neutral,490,212
001-easy,0:10,Neutral,483,213
001-easy,0:10,Neutral,476,212
001-easy,0:10,Neutral,470,213
001-easy,0:10,Neutral,462,212
001-easy,0:10,Neutral,456,213
001-easy,0:10,Neutral,451,212
001-easy,0:10,Neutral,443,213
001-easy,0:10,Neutral,438,211
001-easy,0:10,Neutral,431,211
001-easy,0:10,Neutral,426,211
001-easy,0:10,Neutral,420,210
001-easy,0:10,Neutral,415,211
001-easy,0:10,Neutral,408,210
001-easy,0:10,Neutral,403,209
001-easy,0:10,Neutral,399,208
001-easy,0:10,Neutral,393,209
001-easy,0:10,Neutral,388,208
001-easy,0:10,Neutral,382,208
001-easy,0:10,Neutral,377,207
001-easy,0:10,Neutral,372,207
001-easy,0:10,Neutral,369,207
001-easy,0:10,Neutral,364,207
001-easy,0:10,Neutral,360,206
001-easy,0:10,Neutral,355,206
001-easy,0:10,Neutral,352,205
001-easy,0:10,Neutral,350,204
001-easy,0:10,Neutral,346,205
001-easy,0:10,Neutral,344,204
001-easy,0:10,Neutral,340,204
001-easy,0:10,Neutral,339,202
001-easy,0:10,Neutral,337,203
001-easy,0:10,Neutral,336,201
001-easy,0:10,Neutral,333,202
001-easy,0:10,Neutral,334,200
001-easy,0:10,Neutral,332,201
001-easy,0:10,Neutral,333,200
001-easy,0:10,Neutral,332,201
001-easy,0:10,Neutral,333,199
001-easy,0:10,Neutral,333,200
001-easy,0:10,Neutral,334,198
001-easy,0:10,Neutral,334,199
001-easy,0:10,Neutral,336,199
001-easy,0:10,Neutral,336,199
001-easy,0:10,Neutral,337,198
001-easy,0:10,Neutral,336,198
001-easy,0:10,Neutral,338,198
001-easy,0:10,Neutral,339,197
001-easy,0:10,Neutral,339,197
001-easy,0:10,Neutral,338,198
001-easy,0:10,Neutral,339,197
001-easy,0:10,Neutral,339,196
001-easy,0:10,Neutral,338,197
001-easy,0:10,Neutral,338,196
001-easy,0:10,Neutral,336,197
001-easy,0:10,Neutral,336,196
001-easy,0:10,Neutral,335,196
001-easy,0:10,Neutral,335,195
001-easy,0:10,Neutral,332,196
001-easy,0:10,Neutral,331,195
001-easy,0:10,Neutral,329,195
001-easy,0:10,Neutral,328,195
001-easy,0:10,Neutral,326,195
001-easy,0:10,Neutral,324,195
001-easy,0:10,Neutral,320,195
001-easy,0:10,Neutral,319,194
001-easy,0:10,Neutral,317,194
001-easy,0:10,Neutral,314,195
001-easy,0:10,Neutral,312,194
001-easy,0:10,Neutral,309,193
001-easy,0:10,Neutral,307,192
001-easy,0:10,Neutral,304,193
001-easy,0:10,Neutral,302,194
001-easy,0:10,Neutral,300,193
001-easy,0:10,Neutral,299,192
001-easy,0:10,Neutral,296,192
001-easy,0:10,Neutral,295,193
001-easy,0:10,Neutral,293,193
001-easy,0:10,Neutral,293,192
001-easy,0:10,Neutral,291,192
001-easy,0:10,Neutral,289,192
001-easy,0:10,Neutral,288,191
001-easy,0:10,Neutral,288,190
001-easy,0:10,Neutral,287,190
001-easy,0:10,Neutral,286,191
001-easy,0:10,Neutral,284,191
001-easy,0:10,Neutral,285,190
001-easy,0:10,Neutral,283,190
001-easy,0:10,Neutral,280,190
001-easy,0:10,Neutral,281,190
001-easy,0:10,Neutral,281,190
001-easy,0:10,Neutral,280,189
001-easy,0:10,Neutral,280,190
001-easy,0:10,Neutral,278,190
001-easy,0:10,Neutral,279,189
001-easy,0:10,Neutral,279,188
001-easy,0:10,Neutral,279,188
001-easy,0:10,Neutral,278,189
001-easy,0:10,Neutral,279,189
001-easy,0:10,Neutral,279,188
001-easy,0:10,Neutral,280,187
001-easy,0:10,Neutral,278,188
001-easy,0:10,Neutral,279,187
001-easy,0:10,Neutral,280,186
001-easy,0:10,Neutral,279,187
001-easy,0:10,Neutral,278,187
001-easy,0:10,Neutral,280,187
001-easy,0:10,Neutral,280,186
001-easy,0:10,Neutral,280,187
001-easy,0:10,Neutral,280,187
001-easy,0:10,Neutral,281,186
001-easy,0:10,Neutral,281,186
001-easy,0:10,Neutral,281,187
001-easy,0:10,Neutral,282,186
001-easy,0:10,Neutral,282,186
001-easy,0:10,Neutral,282,186
001-easy,0:10,Neutral,282,186
001-easy,0:10,Neutral,283,186
001-easy,0:10,Neutral,283,185
001-easy,0:10,Neutral,282,186
001-easy,0:10,Neutral,282,185
001-easy,0:10,Neutral,281,186
001-easy,0:10,Neutral,282,187
001-easy,0:10,Neutral,282,185
001-easy,0:10,Neutral,281,185
001-easy,0:10,Neutral,280,186
001-easy,0:10,Neutral,281,185
001-easy,0:10,Neutral,281,185
001-easy,0:10,Neutral,280,186
001-easy,0:10,Neutral,279,186
001-easy,0:10,Neutral,279,187
001-easy,0:48,Excited,342,206
001-easy,0:48,Excited,342,205
001-easy,0:48,Excited,339,205
001-easy,0:48,Excited,337,205
001-easy,0:48,Excited,333,205
001-easy,0:48,Excited,331,204
001-easy,0:48,Excited,328,204
001-easy,0:48,Excited,327,205
001-easy,0:48,Excited,324,204
001-easy,0:48,Excited,322,205
001-easy,0:48,Excited,320,204
001-easy,0:48,Excited,317,205
001-easy,0:48,Excited,316,204
001-easy,0:48,Excited,314,204
001-easy,0:48,Excited,312,203
001-easy,0:48,Excited,310,203
001-easy,0:48,Excited,308,203
001-easy,0:48,Excited,307,203
001-easy,0:48,Excited,307,201
001-easy,0:48,Excited,304,203
001-easy,0:48,Excited,304,201
001-easy,0:48,Excited,302,203
001-easy,0:48,Excited,302,202
001-easy,0:48,Excited,300,202
001-easy,0:48,Excited,300,201
001-easy,0:48,Excited,297,202
001-easy,0:48,Excited,297,201
001-easy,0:48,Excited,296,200
001-easy,0:48,Excited,294,202
001-easy,0:48,Excited,293,201
001-easy,0:48,Excited,290,202
001-easy,0:48,Excited,291,200
001-easy,0:48,Excited,291,199
001-easy,0:48,Excited,290,200
001-easy,0:48,Excited,290,199
001-easy,0:48,Excited,290,200
001-easy,0:48,Excited,289,199
001-easy,0:48,Excited,289,200
001-easy,0:48,Excited,290,199
001-easy,0:48,Excited,290,200
001-easy,0:48,Excited,289,199
001-easy,0:48,Excited,290,198
001-easy,0:48,Excited,289,198
001-easy,0:48,Excited,290,199
001-easy,0:48,Excited,290,198
001-easy,0:48,Excited,290,199
001-easy,0:48,Excited,289,198
001-easy,0:48,Excited,289,199
001-easy,0:48,Excited,291,198
001-easy,0:48,Excited,292,199
001-easy,0:48,Excited,291,197
001-easy,0:48,Excited,291,198
001-easy,0:48,Excited,291,199
001-easy,0:48,Excited,292,198
001-easy,0:48,Excited,292,197
001-easy,0:48,Excited,292,198
001-easy,0:48,Excited,292,199
001-easy,0:48,Excited,292,197
001-easy,0:48,Excited,293,197
001-easy,0:48,Excited,292,198
001-easy,0:48,Excited,291,198
001-easy,0:48,Excited,292,197
001-easy,0:48,Excited,293,197
001-easy,0:48,Excited,291,198
001-easy,0:48,Excited,292,198
001-easy,0:48,Excited,291,197
001-easy,0:48,Excited,291,196
001-easy,0:48,Excited,289,198
001-easy,0:48,Excited,289,197
001-easy,0:48,Excited,289,197
001-easy,0:48,Excited,287,198
001-easy,0:48,Excited,288,197
001-easy,0:48,Excited,288,197
001-easy,0:48,Excited,287,197
001-easy,0:48,Excited,286,197
001-easy,0:48,Excited,285,198
001-easy,0:48,Excited,286,197
001-easy,0:48,Excited,285,196
001-easy,0:48,Excited,285,197
001-easy,0:48,Excited,285,197
001-easy,0:48,Excited,288,197
001-easy,0:48,Excited,288,197
001-easy,0:48,Excited,290,198
001-easy,0:48,Excited,293,197
001-easy,0:48,Excited,299,196
001-easy,0:48,Excited,304,197
001-easy,0:48,Excited,309,198
001-easy,0:48,Excited,318,197
001-easy,0:48,Excited,327,197
001-easy,0:48,Excited,336,198
001-easy,0:48,Excited,348,199
001-easy,0:48,Excited,361,199
001-easy,0:48,Excited,373,198
001-easy,0:48,Excited,387,199
001-easy,0:48,Excited,401,200
001-easy,0:48,Excited,416,200
001-easy,0:48,Excited,430,200
001-easy,0:48,Excited,443,202
001-easy,0:48,Excited,458,202
001-easy,0:48,Excited,470,203
001-easy,0:48,Excited,480,205
001-easy,0:48,Excited,491,205
001-easy,0:48,Excited,500,205
001-easy,0:48,Excited,507,207
001-easy,0:48,Excited,513,208
001-easy,0:48,Excited,520,208
001-easy,0:48,Excited,524,208
001-easy,0:48,Excited,526,211
001-easy,0:48,Excited,529,211
001-easy,0:48,Excited,530,211
001-easy,0:48,Excited,530,212
001-easy,0:48,Excited,528,215
001-easy,0:48,Excited,528,215
001-easy,0:48,Excited,525,214
001-easy,0:48,Excited,521,215
001-easy,0:48,Excited,518,217
001-easy,0:48,Excited,515,217
001-easy,0:48,Excited,510,217
001-easy,0:48,Excited,506,217
001-easy,0:48,Excited,501,218
001-easy,0:48,Excited,496,218
001-easy,0:48,Excited,490,218
001-easy,0:48,Excited,485,218
001-easy,0:48,Excited,480,219
001-easy,0:48,Excited,476,218
001-easy,0:48,Excited,470,219
001-easy,0:48,Excited,466,218
001-easy,0:48,Excited,461,219
001-easy,0:48,Excited,457,219
001-easy,0:48,Excited,452,219
001-easy,0:48,Excited,447,218
001-easy,0:48,Excited,441,219
001-easy,0:48,Excited,437,217
001-easy,0:48,Excited,432,218
001-easy,0:48,Excited,428,218
001-easy,0:48,Excited,421,218
001-easy,0:48,Excited,418,218
001-easy,0:48,Excited,413,217
001-easy,0:48,Excited,407,217
001-easy,0:48,Excited,404,216
001-easy,0:48,Excited,397,217
001-easy,0:48,Excited,393,216
001-easy,0:48,Excited,388,216
001-easy,0:48,Excited,384,216
001-easy,0:48,Excited,379,215
001-easy,0:48,Excited,376,215
001-easy,0:48,Excited,370,214
001-easy,0:48,Excited,368,214
001-easy,0:48,Excited,363,213
001-easy,0:48,Excited,360,214
001-easy,0:48,Excited,357,213
001-easy,0:48,Excited,354,213
001-easy,0:48,Excited,351,211
001-easy,0:48,Excited,348,213
001-easy,0:48,Excited,348,211
001-easy,0:48,Excited,345,212
001-easy,0:48,Excited,346,211
001-easy,1:13,Excited,253,170
001-easy,1:13,Excited,253,168
001-easy,1:13,Excited,254,168
001-easy,1:13,Excited,254,169
001-easy,1:13,Excited,254,169
001-easy,1:13,Excited,253,170
001-easy,1:13,Excited,255,168
001-easy,1:13,Excited,255,168
001-easy,1:13,Excited,254,169
001-easy,1:13,Excited,255,169
001-easy,1:13,Excited,253,170
001-easy,1:13,Excited,255,168
001-easy,1:13,Excited,255,169
001-easy,1:13,Excited,255,170
001-easy,1:13,Excited,255,169
001-easy,1:13,Excited,253,170
001-easy,1:13,Excited,255,168
001-easy,1:13,Excited,255,168
001-easy,1:13,Excited,254,169
001-easy,1:13,Excited,255,168
001-easy,1:13,Excited,253,170
001-easy,1:13,Excited,255,169
001-easy,1:13,Excited,255,169
001-easy,1:13,Excited,254,169
001-easy,1:13,Excited,256,168
001-easy,1:13,Excited,255,170
001-easy,1:13,Excited,9,188
001-easy,1:13,Excited,362,188
001-easy,1:13,Excited,356,187
001-easy,1:13,Excited,350,187
001-easy,1:13,Excited,345,186
001-easy,1:13,Excited,339,186
001-easy,1:13,Excited,334,186
001-easy,1:13,Excited,329,185
001-easy,1:13,Excited,326,185
001-easy,1:13,Excited,321,184
001-easy,1:13,Excited,317,183
001-easy,1:13,Excited,313,184
001-easy,1:13,Excited,311,184
001-easy,1:13,Excited,309,182
001-easy,1:13,Excited,306,182
001-easy,1:13,Excited,304,182
001-easy,1:13,Excited,302,182
001-easy,1:13,Excited,303,181
001-easy,1:13,Excited,304,180
001-easy,1:13,Excited,303,180
001-easy,1:13,Excited,303,181
001-easy,1:13,Excited,306,180
001-easy,1:13,Excited,307,179
001-easy,1:13,Excited,307,179
001-easy,1:13,Excited,308,179
001-easy,1:13,Excited,311,179
001-easy,1:13,Excited,313,178
001-easy,1:13,Excited,314,178
001-easy,1:13,Excited,316,178
001-easy,1:13,Excited,317,176
001-easy,1:13,Excited,318,176
001-easy,1:13,Excited,317,178
001-easy,1:13,Excited,320,176
001-easy,1:13,Excited,320,176
001-easy,1:13,Excited,320,176
001-easy,1:13,Excited,320,177
001-easy,1:13,Excited,321,176
001-easy,1:13,Excited,321,175
001-easy,1:13,Excited,319,176
001-easy,1:13,Excited,320,177
001-easy,1:13,Excited,319,177
001-easy,1:13,Excited,318,176
001-easy,1:13,Excited,318,174
001-easy,1:13,Excited,317,175
001-easy,1:13,Excited,316,175
001-easy,1:13,Excited,316,175
001-easy,1:13,Excited,313,176
001-easy,1:13,Excited,313,174
001-easy,1:13,Excited,310,174
001-easy,1:13,Excited,310,175
001-easy,1:13,Excited,308,173
001-easy,1:13,Excited,305,175
001-easy,1:13,Excited,304,174
001-easy,1:13,Excited,301,174
001-easy,1:13,Excited,299,174
001-easy,1:13,Excited,298,173
001-easy,1:13,Excited,294,174
001-easy,1:13,Excited,292,173
001-easy,1:13,Excited,288,172
001-easy,1:13,Excited,287,174
001-easy,1:13,Excited,285,172
001-easy,1:13,Excited,283,173
001-easy,1:13,Excited,281,172
001-easy,1:13,Excited,279,172
001-easy,1:13,Excited,279,172
001-easy,1:13,Excited,278,172
001-easy,1:13,Excited,276,173
001-easy,1:13,Excited,275,170
001-easy,1:13,Excited,273,171
001-easy,1:13,Excited,272,171
001-easy,1:13,Excited,272,169
001-easy,1:13,Excited,271,171
001-easy,1:13,Excited,271,170
001-easy,1:13,Excited,269,170
001-easy,1:13,Excited,270,168
001-easy,1:13,Excited,270,168
001-easy,1:13,Excited,268,169
001-easy,1:13,Excited,269,168
001-easy,1:13,Excited,267,170
001-easy,1:13,Excited,268,168
001-easy,1:13,Excited,268,168
001-easy,1:13,Excited,268,169
001-easy,1:13,Excited,267,168
001-easy,1:13,Excited,265,168
001-easy,1:13,Excited,267,168
001-easy,1:13,Excited,268,167
001-easy,1:13,Excited,268,169
001-easy,1:13,Excited,269,167
001-easy,1:13,Excited,268,167
001-easy,1:13,Excited,269,166
001-easy,1:13,Excited,270,166
001-easy,1:13,Excited,270,168
001-easy,1:13,Excited,270,166
001-easy,1:13,Excited,269,167
001-easy,1:13,Excited,271,166
001-easy,1:13,Excited,269,166
001-easy,1:13,Excited,271,167
001-easy,1:13,Excited,269,166
001-easy,1:13,Excited,269,166
001-easy,1:13,Excited,268,166
001-easy,1:13,Excited,268,167
001-easy,1:13,Excited,269,165
001-easy,1:13,Excited,268,167
001-easy,1:13,Excited,269,166
001-easy,1:13,Excited,269,167
001-easy,1:13,Excited,270,167
001-easy,1:13,Excited,270,166
001-easy,1:13,Excited,269,167
001-easy,1:13,Excited,269,166
001-easy,1:13,Excited,269,164
001-easy,1:13,Excited,268,166
001-easy,1:13,Excited,270,165
001-easy,1:13,Excited,268,167
001-easy,1:13,Excited,268,165
001-easy,1:13,Excited,268,166
001-easy,1:13,Excited,269,164
001-easy,1:13,Excited,270,167
001-easy,1:13,Excited,272,165
001-easy,1:13,Excited,272,166
001-easy,1:13,Excited,275,165
001-easy,1:13,Excited,278,165
001-easy,1:13,Excited,282,165
001-easy,1:13,Excited,286,167
001-easy,1:13,Excited,291,166
001-easy,1:13,Excited,299,167
001-easy,1:13,Excited,307,165
001-easy,1:13,Excited,317,167
001-easy,1:13,Excited,330,166
001-easy,1:13,Excited,341,168
001-easy,1:13,Excited,356,167
001-easy,1:13,Excited,370,168
001-easy,1:34,Excited,294,176
001-easy,1:34,Excited,295,176
001-easy,1:34,Excited,295,175
001-easy,1:34,Excited,293,176
001-easy,1:34,Excited,295,176
001-easy,1:34,Excited,296,175
001-easy,1:34,Excited,295,177
001-easy,1:34,Excited,297,175
001-easy,1:34,Excited,295,176
001-easy,1:34,Excited,297,174
001-easy,1:34,Excited,299,175
001-easy,1:34,Excited,298,176
001-easy,1:34,Excited,299,175
001-easy,1:34,Excited,298,176
001-easy,1:34,Excited,300,175
001-easy,1:34,Excited,301,174
001-easy,1:34,Excited,300,176
001-easy,1:34,Excited,300,177
001-easy,1:34,Excited,300,176
001-easy,1:34,Excited,298,176
001-easy,1:34,Excited,300,176
001-easy,1:34,Excited,301,174
001-easy,1:34,Excited,300,176
001-easy,1:34,Excited,300,175
001-easy,1:34,Excited,300,175
001-easy,1:34,Excited,300,177
001-easy,1:34,Excited,302,175
001-easy,1:34,Excited,301,176
001-easy,1:34,Excited,302,176
001-easy,1:34,Excited,303,174
001-easy,1:34,Excited,301,176
001-easy,1:34,Excited,303,176
001-easy,1:34,Excited,303,175
001-easy,1:34,Excited,303,176
001-easy,1:34,Excited,303,175
001-easy,1:34,Excited,304,175
001-easy,1:34,Excited,304,177
001-easy,1:34,Excited,305,175
001-easy,1:34,Excited,305,176
001-easy,1:34,Excited,308,176
001-easy,1:34,Excited,312,176
001-easy,1:34,Excited,316,175
001-easy,1:34,Excited,321,177
001-easy,1:34,Excited,328,175
001-easy,1:34,Excited,335,175
001-easy,1:34,Excited,344,176
001-easy,1:34,Excited,355,177
001-easy,1:34,Excited,367,176
001-easy,1:34,Excited,378,178
001-easy,1:34,Excited,393,176
001-easy,1:34,Excited,406,176
001-easy,1:34,Excited,420,178
001-easy,1:34,Excited,435,179
001-easy,1:34,Excited,449,178
001-easy,1:34,Excited,2,158
001-easy,1:34,Excited,244,156
001-easy,1:34,Excited,243,158
001-easy,1:34,Excited,244,156
001-easy,1:34,Excited,244,157
001-easy,1:34,Excited,246,157
001-easy,1:34,Excited,247,158
001-easy,1:34,Excited,248,157
001-easy,1:34,Excited,249,156
001-easy,1:34,Excited,250,157
001-easy,1:34,Excited,253,156
001-easy,1:34,Excited,253,158
001-easy,1:34,Excited,255,156
001-easy,1:34,Excited,253,158
001-easy,1:34,Excited,256,157
001-easy,1:34,Excited,257,157
001-easy,1:34,Excited,257,158
001-easy,1:34,Excited,258,157
001-easy,1:34,Excited,258,157
001-easy,1:34,Excited,258,156
001-easy,1:34,Excited,258,158
001-easy,1:34,Excited,259,156
001-easy,1:34,Excited,256,158
001-easy,1:34,Excited,256,156
001-easy,1:34,Excited,255,158
001-easy,1:34,Excited,255,157
001-easy,1:34,Excited,254,158
001-easy,1:34,Excited,253,157
001-easy,1:34,Excited,251,158
001-easy,1:34,Excited,251,157
001-easy,1:34,Excited,251,156
001-easy,1:34,Excited,249,158
001-easy,1:34,Excited,251,156
001-easy,1:34,Excited,249,158
001-easy,1:34,Excited,251,156
001-easy,1:34,Excited,251,158
001-easy,1:34,Excited,252,156
001-easy,1:34,Excited,252,158
001-easy,1:34,Excited,253,156
001-easy,1:34,Excited,253,157
001-easy,1:34,Excited,256,157
001-easy,1:34,Excited,254,158
001-easy,1:34,Excited,257,157
001-easy,1:34,Excited,256,158
001-easy,1:34,Excited,257,156
001-easy,1:34,Excited,259,157
001-easy,1:34,Excited,262,157
001-easy,1:34,Excited,264,157
001-easy,1:34,Excited,265,158
001-easy,1:34,Excited,270,156
001-easy,1:34,Excited,276,158
001-easy,1:34,Excited,283,158
001-easy,1:34,Excited,291,158
001-easy,1:34,Excited,300,159
001-easy,1:34,Excited,311,158
001-easy,1:34,Excited,323,159
001-easy,1:34,Excited,338,159
001-easy,1:34,Excited,353,160
001-easy,1:34,Excited,370,160
001-easy,1:34,Excited,387,160
001-easy,1:34,Excited,406,161
001-easy,1:34,Excited,426,161
001-easy,1:34,Excited,443,163
001-easy,1:34,Excited,462,164
001-easy,1:34,Excited,478,166
001-easy,1:34,Excited,496,166
001-easy,1:34,Excited,511,166
001-easy,1:34,Excited,525,169
001-easy,1:34,Excited,538,170
001-easy,1:34,Excited,547,171
001-easy,1:34,Excited,558,172
001-easy,1:34,Excited,565,173
001-easy,1:34,Excited,571,176
001-easy,1:34,Excited,576,176
001-easy,1:34,Excited,577,178
001-easy,1:34,Excited,579,177
001-easy,1:34,Excited,579,178
001-easy,1:34,Excited,577,180
001-easy,1:34,Excited,574,180
001-easy,1:34,Excited,570,182
001-easy,1:34,Excited,566,182
001-easy,1:34,Excited,560,183
001-easy,1:34,Excited,554,182
001-easy,1:34,Excited,546,184
001-easy,1:34,Excited,540,183
001-easy,1:34,Excited,531,184
001-easy,1:34,Excited,523,184
001-easy,1:34,Excited,516,183
001-easy,1:34,Excited,508,184
001-easy,1:34,Excited,500,183
001-easy,1:34,Excited,491,185
001-easy,1:34,Excited,484,184
001-easy,1:34,Excited,477,183
001-easy,1:34,Excited,469,184
001-easy,1:34,Excited,462,183
001-easy,1:34,Excited,454,183
001-easy,1:34,Excited,447,181
001-easy,1:34,Excited,441,182
001-easy,1:34,Excited,435,183
001-easy,1:34,Excited,427,181
001-easy,1:34,Excited,420,182
001-easy,1:34,Excited,415,181
001-easy,1:34,Excited,408,180
001-easy,2:06,Frustrated,313,174
001-easy,2:06,Frustrated,318,175
001-easy,2:06,Frustrated,326,174
001-easy,2:06,Frustrated,334,174
001-easy,2:06,Frustrated,343,175
001-easy,2:06,Frustrated,356,175
001-easy,2:06,Frustrated,368,175
001-easy,2:06,Frustrated,381,174
001-easy,2:06,Frustrated,394,176
001-easy,2:06,Frustrated,409,174
001-easy,2:06,Frustrated,423,177
001-easy,2:06,Frustrated,440,177
001-easy,2:06,Frustrated,454,177
001-easy,2:06,Frustrated,468,178
001-easy,2:06,Frustrated,483,178
001-easy,2:06,Frustrated,497,180
001-easy,2:06,Frustrated,511,181
001-easy,2:06,Frustrated,524,180
001-easy,2:06,Frustrated,536,182
001-easy,2:06,Frustrated,549,180
001-easy,2:06,Frustrated,560,182
001-easy,2:06,Frustrated,570,184
001-easy,2:06,Frustrated,579,183
001-easy,2:06,Frustrated,586,185
001-easy,2:06,Frustrated,593,184
001-easy,2:06,Frustrated,598,184
001-easy,2:06,Frustrated,601,185
001-easy,2:06,Frustrated,602,185
001-easy,2:06,Frustrated,602,186
001-easy,2:06,Frustrated,602,185
001-easy,2:06,Frustrated,599,186
001-easy,2:06,Frustrated,595,187
001-easy,2:06,Frustrated,591,187
001-easy,2:06,Frustrated,585,189
001-easy,2:06,Frustrated,578,187
001-easy,2:06,Frustrated,571,188
001-easy,2:06,Frustrated,563,188
001-easy,2:06,Frustrated,554,187
001-easy,2:06,Frustrated,544,189
001-easy,2:06,Frustrated,535,188
001-easy,2:06,Frustrated,525,187
001-easy,2:06,Frustrated,515,188
001-easy,2:06,Frustrated,506,187
001-easy,2:06,Frustrated,495,187
001-easy,2:06,Frustrated,485,187
001-easy,2:06,Frustrated,475,187
001-easy,2:06,Frustrated,464,187
001-easy,2:06,Frustrated,455,187
001-easy,2:06,Frustrated,444,186
001-easy,2:06,Frustrated,434,186
001-easy,2:06,Frustrated,423,185
001-easy,2:06,Frustrated,413,186
001-easy,2:06,Frustrated,404,186
001-easy,2:06,Frustrated,393,185
001-easy,2:06,Frustrated,383,185
001-easy,2:06,Frustrated,374,184
001-easy,2:06,Frustrated,365,184
001-easy,2:06,Frustrated,356,185
001-easy,2:06,Frustrated,347,184
001-easy,2:06,Frustrated,338,185
001-easy,2:06,Frustrated,331,183
001-easy,2:06,Frustrated,325,182
001-easy,2:06,Frustrated,318,184
001-easy,2:06,Frustrated,313,182
001-easy,2:06,Frustrated,307,183
001-easy,2:06,Frustrated,303,181
001-easy,2:06,Frustrated,299,182
001-easy,2:06,Frustrated,296,183
001-easy,2:06,Frustrated,293,181
001-easy,2:06,Frustrated,291,182
001-easy,2:06,Frustrated,291,181
001-easy,2:06,Frustrated,290,181
001-easy,2:06,Frustrated,290,182
001-easy,2:06,Frustrated,291,180
001-easy,2:06,Frustrated,291,181
001-easy,2:06,Frustrated,293,180
001-easy,2:06,Frustrated,296,180
001-easy,2:06,Frustrated,299,181
001-easy,2:06,Frustrated,303,179
001-easy,2:06,Frustrated,307,181
001-easy,2:06,Frustrated,314,180
001-easy,2:06,Frustrated,321,179
001-easy,2:06,Frustrated,327,181
001-easy,2:06,Frustrated,335,179
001-easy,2:06,Frustrated,341,180
001-easy,2:06,Frustrated,349,180
001-easy,2:06,Frustrated,356,179
001-easy,2:06,Frustrated,363,180
001-easy,2:06,Frustrated,369,180
001-easy,2:06,Frustrated,375,180
001-easy,2:06,Frustrated,379,180
001-easy,2:06,Frustrated,383,181
001-easy,2:06,Frustrated,387,179
001-easy,2:06,Frustrated,389,181
001-easy,2:06,Frustrated,391,180
001-easy,2:06,Frustrated,391,180
001-easy,2:06,Frustrated,391,181
001-easy,2:06,Frustrated,391,181
001-easy,2:06,Frustrated,390,180
001-easy,2:06,Frustrated,385,181
001-easy,2:06,Frustrated,383,179
001-easy,2:06,Frustrated,378,181
001-easy,2:06,Frustrated,375,180
001-easy,2:06,Frustrated,371,180
001-easy,2:06,Frustrated,364,181
001-easy,2:06,Frustrated,359,179
001-easy,2:06,Frustrated,352,180
001-easy,2:06,Frustrated,348,180
001-easy,2:06,Frustrated,341,180
001-easy,2:06,Frustrated,336,181
001-easy,2:06,Frustrated,329,180
001-easy,2:06,Frustrated,323,179
001-easy,2:06,Frustrated,318,179
001-easy,2:06,Frustrated,312,180
001-easy,2:06,Frustrated,306,180
001-easy,2:06,Frustrated,300,180
001-easy,2:06,Frustrated,294,179
001-easy,2:06,Frustrated,290,179
001-easy,2:06,Frustrated,286,179
001-easy,2:06,Frustrated,283,179
001-easy,2:06,Frustrated,281,179
001-easy,2:06,Frustrated,278,179
001-easy,2:06,Frustrated,279,179
001-easy,2:06,Frustrated,281,178
001-easy,2:06,Frustrated,281,179
001-easy,2:06,Frustrated,281,176
001-easy,2:06,Frustrated,283,177
001-easy,2:06,Frustrated,283,178
001-easy,2:06,Frustrated,284,178
001-easy,2:06,Frustrated,287,178
001-easy,2:06,Frustrated,288,178
001-easy,2:06,Frustrated,287,177
001-easy,2:06,Frustrated,287,178
001-easy,2:06,Frustrated,286,178
001-easy,2:06,Frustrated,286,178
001-easy,2:06,Frustrated,286,177
001-easy,2:06,Frustrated,285,176
001-easy,2:06,Frustrated,283,176
001-easy,2:06,Frustrated,281,178
001-easy,2:06,Frustrated,280,178
001-easy,2:06,Frustrated,277,177
001-easy,2:06,Frustrated,276,177
001-easy,2:06,Frustrated,273,177
001-easy,2:06,Frustrated,270,177
001-easy,2:06,Frustrated,267,177
001-easy,2:06,Frustrated,266,176
001-easy,2:06,Frustrated,264,176
001-easy,2:06,Frustrated,262,175
001-easy,2:06,Frustrated,261,176
001-easy,2:06,Frustrated,259,177
001-easy,2:06,Frustrated,260,176
001-easy,2:06,Frustrated,259,175
001-easy,2:06,Frustrated,259,175
001-easy,2:06,Frustrated,258,175
001-easy,2:06,Frustrated,258,176
001-easy,2:06,Frustrated,260,176
001-easy,2:06,Frustrated,262,175
001-hard,0:23,Frustrated,581,128
001-hard,0:23,Frustrated,570,128
001-hard,0:23,Frustrated,558,128
001-hard,0:23,Frustrated,544,127
001-hard,0:23,Frustrated,530,127
001-hard,0:23,Frustrated,516,128
001-hard,0:23,Frustrated,500,127
001-hard,0:23,Frustrated,485,127
001-hard,0:23,Frustrated,469,127
001-hard,0:23,Frustrated,455,128
001-hard,0:23,Frustrated,440,126
001-hard,0:23,Frustrated,424,127
001-hard,0:23,Frustrated,409,127
001-hard,0:23,Frustrated,395,127
001-hard,0:23,Frustrated,381,126
001-hard,0:23,Frustrated,367,127
001-hard,0:23,Frustrated,356,127
001-hard,0:23,Frustrated,344,125
001-hard,0:23,Frustrated,331,126
001-hard,0:23,Frustrated,320,127
001-hard,0:23,Frustrated,311,125
001-hard,0:23,Frustrated,299,126
001-hard,0:23,Frustrated,291,126
001-hard,0:23,Frustrated,282,126
001-hard,0:23,Frustrated,273,126
001-hard,0:23,Frustrated,267,125
001-hard,0:23,Frustrated,261,124
001-hard,0:23,Frustrated,254,126
001-hard,0:23,Frustrated,251,125
001-hard,0:23,Frustrated,247,125
001-hard,0:23,Frustrated,243,125
001-hard,0:23,Frustrated,242,125
001-hard,0:23,Frustrated,239,125
001-hard,0:23,Frustrated,239,125
001-hard,0:23,Frustrated,239,124
001-hard,0:23,Frustrated,240,124
001-hard,0:23,Frustrated,242,125
001-hard,0:23,Frustrated,244,124
001-hard,0:23,Frustrated,246,125
001-hard,0:23,Frustrated,251,124
001-hard,0:23,Frustrated,254,124
001-hard,0:23,Frustrated,259,125
001-hard,0:23,Frustrated,264,124
001-hard,0:23,Frustrated,268,124
001-hard,0:23,Frustrated,275,124
001-hard,0:23,Frustrated,281,122
001-hard,0:23,Frustrated,286,124
001-hard,0:23,Frustrated,293,123
001-hard,0:23,Frustrated,299,124
001-hard,0:23,Frustrated,304,123
001-hard,0:23,Frustrated,311,123
001-hard,0:23,Frustrated,318,123
001-hard,0:23,Frustrated,323,123
001-hard,0:23,Frustrated,327,123
001-hard,0:23,Frustrated,333,123
001-hard,0:23,Frustrated,337,124
001-hard,0:23,Frustrated,339,124
001-hard,0:23,Frustrated,344,124
001-hard,0:23,Frustrated,347,124
001-hard,0:23,Frustrated,350,123
001-hard,0:23,Frustrated,351,124
001-hard,0:23,Frustrated,354,123
001-hard,0:23,Frustrated,355,123
001-hard,0:23,Frustrated,356,123
001-hard,0:23,Frustrated,356,123
001-hard,0:23,Frustrated,356,122
001-hard,0:23,Frustrated,355,123
001-hard,0:23,Frustrated,355,123
001-hard,0:23,Frustrated,352,123
001-hard,0:23,Frustrated,351,123
001-hard,0:23,Frustrated,347,122
001-hard,0:23,Frustrated,345,122
001-hard,0:23,Frustrated,342,122
001-hard,0:23,Frustrated,338,123
001-hard,0:23,Frustrated,333,123
001-hard,0:23,Frustrated,331,122
001-hard,0:23,Frustrated,325,123
001-hard,0:23,Frustrated,323,121
001-hard,0:23,Frustrated,317,123
001-hard,0:23,Frustrated,313,122
001-hard,0:23,Frustrated,308,123
001-hard,0:23,Frustrated,304,122
001-hard,0:23,Frustrated,300,123
001-hard,0:23,Frustrated,297,122
001-hard,0:23,Frustrated,294,122
001-hard,0:23,Frustrated,288,122
001-hard,0:23,Frustrated,285,120
001-hard,0:23,Frustrated,282,122
001-hard,0:23,Frustrated,281,120
001-hard,0:23,Frustrated,276,122
001-hard,0:23,Frustrated,273,120
001-hard,0:23,Frustrated,271,121
001-hard,0:23,Frustrated,269,120
001-hard,0:23,Frustrated,266,122
001-hard,0:23,Frustrated,265,121
001-hard,0:23,Frustrated,263,120
001-hard,0:23,Frustrated,260,122
001-hard,0:23,Frustrated,261,121
001-hard,0:23,Frustrated,259,120
001-hard,0:23,Frustrated,258,122
001-hard,0:23,Frustrated,259,120
001-hard,0:23,Frustrated,258,120
001-hard,0:23,Frustrated,257,121
001-hard,0:23,Frustrated,259,121
001-hard,0:23,Frustrated,259,120
001-hard,0:23,Frustrated,260,121
001-hard,0:23,Frustrated,261,120
001-hard,0:23,Frustrated,262,119
001-hard,0:23,Frustrated,262,121
001-hard,0:23,Frustrated,264,121
001-hard,0:23,Frustrated,266,120
001-hard,0:23,Frustrated,267,119
001-hard,0:23,Frustrated,267,121
001-hard,0:23,Frustrated,270,120
001-hard,0:23,Frustrated,272,119
001-hard,0:23,Frustrated,272,120
001-hard,0:23,Frustrated,273,121
001-hard,0:23,Frustrated,275,120
001-hard,0:23,Frustrated,275,119
001-hard,0:23,Frustrated,274,120
001-hard,0:23,Frustrated,276,121
001-hard,0:23,Frustrated,276,120
001-hard,0:23,Frustrated,275,119
001-hard,0:23,Frustrated,276,120
001-hard,0:23,Frustrated,277,120
001-hard,0:23,Frustrated,277,119
001-hard,0:23,Frustrated,277,119
001-hard,0:23,Frustrated,279,120
001-hard,0:23,Frustrated,280,118
001-hard,0:23,Frustrated,281,119
001-hard,0:23,Frustrated,281,120
001-hard,0:23,Frustrated,283,120
001-hard,0:23,Frustrated,283,119
001-hard,0:23,Frustrated,282,121
001-hard,0:23,Frustrated,284,119
001-hard,0:23,Frustrated,285,120
001-hard,0:23,Frustrated,286,119
001-hard,0:23,Frustrated,287,120
001-hard,0:23,Frustrated,287,119
001-hard,0:23,Frustrated,288,121
001-hard,0:23,Frustrated,288,119
001-hard,0:23,Frustrated,289,120
001-hard,0:23,Frustrated,290,120
001-hard,0:23,Frustrated,288,120
001-hard,0:23,Frustrated,289,120
001-hard,0:23,Frustrated,288,119
001-hard,0:23,Frustrated,288,120
001-hard,0:23,Frustrated,289,119
001-hard,0:23,Frustrated,288,120
001-hard,0:23,Frustrated,287,119
001-hard,0:23,Frustrated,286,120
001-hard,0:23,Frustrated,288,120
001-hard,0:23,Frustrated,288,120
001-hard,0:23,Frustrated,290,120
001-hard,0:23,Frustrated,290,120
001-hard,0:23,Frustrated,294,120
001-hard,0:23,Frustrated,297,120
001-hard,0:31,Frustrated,266,102
001-hard,0:31,Frustrated,262,102
001-hard,0:31,Frustrated,261,101
001-hard,0:31,Frustrated,260,102
001-hard,0:31,Frustrated,263,101
001-hard,0:31,Frustrated,268,102
001-hard,0:31,Frustrated,277,103
001-hard,0:31,Frustrated,288,102
001-hard,0:31,Frustrated,305,102
001-hard,0:31,Frustrated,324,102
001-hard,0:31,Frustrated,348,103
001-hard,0:31,Frustrated,376,101
001-hard,0:31,Frustrated,403,103
001-hard,0:31,Frustrated,435,101
001-hard,0:31,Frustrated,467,102
001-hard,0:31,Frustrated,499,102
001-hard,0:31,Frustrated,531,103
001-hard,0:31,Frustrated,563,103
001-hard,0:31,Frustrated,592,103
001-hard,0:31,Frustrated,618,102
001-hard,0:31,Frustrated,638,103
001-hard,0:31,Frustrated,640,104
001-hard,0:31,Frustrated,639,104
001-hard,0:31,Frustrated,639,104
001-hard,0:31,Frustrated,639,105
001-hard,0:31,Frustrated,639,105
001-hard,0:31,Frustrated,639,106
001-hard,0:31,Frustrated,640,105
001-hard,0:31,Frustrated,638,106
001-hard,0:31,Frustrated,639,104
001-hard,0:31,Frustrated,639,106
001-hard,0:31,Frustrated,640,107
001-hard,0:31,Frustrated,638,106
001-hard,0:31,Frustrated,639,105
001-hard,0:31,Frustrated,638,106
001-hard,0:31,Frustrated,639,107
001-hard,0:31,Frustrated,639,106
001-hard,0:31,Frustrated,640,106
001-hard,0:31,Frustrated,627,107
001-hard,0:31,Frustrated,614,106
001-hard,0:31,Frustrated,600,107
001-hard,0:31,Frustrated,589,106
001-hard,0:31,Frustrated,576,107
001-hard,0:31,Frustrated,566,106
001-hard,0:31,Frustrated,553,107
001-hard,0:31,Frustrated,543,106
001-hard,0:31,Frustrated,532,107
001-hard,0:31,Frustrated,523,106
001-hard,0:31,Frustrated,511,107
001-hard,0:31,Frustrated,501,106
001-hard,0:31,Frustrated,489,106
001-hard,0:31,Frustrated,478,106
001-hard,0:31,Frustrated,464,107
001-hard,0:31,Frustrated,451,104
001-hard,0:31,Frustrated,434,106
001-hard,0:31,Frustrated,419,106
001-hard,0:31,Frustrated,402,107
001-hard,0:31,Frustrated,385,105
001-hard,0:31,Frustrated,365,107
001-hard,0:31,Frustrated,347,104
001-hard,0:31,Frustrated,329,105
001-hard,0:31,Frustrated,313,105
001-hard,0:31,Frustrated,296,105
001-hard,0:31,Frustrated,282,105
001-hard,0:31,Frustrated,265,105
001-hard,0:31,Frustrated,256,104
001-hard,0:31,Frustrated,245,103
001-hard,0:31,Frustrated,238,105
001-hard,0:31,Frustrated,229,103
001-hard,0:31,Frustrated,225,104
001-hard,0:31,Frustrated,221,103
001-hard,0:31,Frustrated,220,104
001-hard,0:31,Frustrated,221,103
001-hard,0:31,Frustrated,224,104
001-hard,0:31,Frustrated,225,103
001-hard,0:31,Frustrated,230,103
001-hard,0:31,Frustrated,235,102
001-hard,0:31,Frustrated,240,103
001-hard,0:31,Frustrated,247,104
001-hard,0:31,Frustrated,253,102
001-hard,0:31,Frustrated,259,102
001-hard,0:31,Frustrated,267,103
001-hard,0:31,Frustrated,273,102
001-hard,0:31,Frustrated,280,103
001-hard,0:31,Frustrated,289,103
001-hard,0:31,Frustrated,296,102
001-hard,0:31,Frustrated,303,103
001-hard,0:31,Frustrated,312,102
001-hard,0:31,Frustrated,322,103
001-hard,0:31,Frustrated,333,103
001-hard,0:31,Frustrated,345,101
001-hard,0:31,Frustrated,356,103
001-hard,0:31,Frustrated,368,103
001-hard,0:31,Frustrated,377,102
001-hard,0:31,Frustrated,386,103
001-hard,0:31,Frustrated,395,103
001-hard,0:31,Frustrated,404,101
001-hard,0:31,Frustrated,409,103
001-hard,0:31,Frustrated,416,103
001-hard,0:31,Frustrated,421,102
001-hard,0:31,Frustrated,424,103
001-hard,0:31,Frustrated,428,103
001-hard,0:31,Frustrated,430,102
001-hard,0:31,Frustrated,431,103
001-hard,0:31,Frustrated,433,101
001-hard,0:31,Frustrated,432,103
001-hard,0:31,Frustrated,434,101
001-hard,0:31,Frustrated,432,103
001-hard,0:31,Frustrated,431,103
001-hard,0:31,Frustrated,430,102
001-hard,0:31,Frustrated,427,103
001-hard,0:31,Frustrated,425,104
001-hard,0:31,Frustrated,421,103
001-hard,0:31,Frustrated,416,102
001-hard,0:31,Frustrated,409,104
001-hard,0:31,Frustrated,405,104
001-hard,0:31,Frustrated,397,103
001-hard,0:31,Frustrated,389,103
001-hard,0:31,Frustrated,382,104
001-hard,0:31,Frustrated,373,103
001-hard,0:31,Frustrated,364,103
001-hard,0:31,Frustrated,356,102
001-hard,0:31,Frustrated,347,103
001-hard,0:31,Frustrated,338,103
001-hard,0:31,Frustrated,329,102
001-hard,0:31,Frustrated,321,103
001-hard,0:31,Frustrated,314,102
001-hard,0:31,Frustrated,306,103
001-hard,0:31,Frustrated,299,103
001-hard,0:31,Frustrated,293,102
001-hard,0:31,Frustrated,286,103
001-hard,0:31,Frustrated,281,102
001-hard,0:31,Frustrated,275,102
001-hard,0:31,Frustrated,270,103
001-hard,0:31,Frustrated,267,101
001-hard,0:31,Frustrated,263,103
001-hard,0:31,Frustrated,262,101
001-hard,0:31,Frustrated,259,102
001-hard,0:31,Frustrated,258,103
001-hard,0:31,Frustrated,259,101
001-hard,0:31,Frustrated,257,102
001-hard,0:31,Frustrated,259,101
001-hard,0:31,Frustrated,259,100
001-hard,0:31,Frustrated,260,102
001-hard,0:31,Frustrated,260,102
001-hard,0:31,Frustrated,263,100
001-hard,0:31,Frustrated,264,102
001-hard,0:31,Frustrated,267,101
001-hard,0:31,Frustrated,268,101
001-hard,0:31,Frustrated,269,100
001-hard,0:31,Frustrated,272,101
001-hard,0:31,Frustrated,273,100
001-hard,0:31,Frustrated,274,101
001-hard,0:31,Frustrated,272,102
001-hard,0:31,Frustrated,273,100
001-hard,0:31,Frustrated,272,102
001-hard,0:31,Frustrated,273,101
001-hard,0:40,Excited,185,93
001-hard,0:40,Excited,192,92
001-hard,0:40,Excited,199,92
001-hard,0:40,Excited,205,93
001-hard,0:40,Excited,212,93
001-hard,0:40,Excited,219,92
001-hard,0:40,Excited,223,92
001-hard,0:40,Excited,228,93
001-hard,0:40,Excited,232,93
001-hard,0:40,Excited,236,93
001-hard,0:40,Excited,240,93
001-hard,0:40,Excited,243,92
001-hard,0:40,Excited,245,95
001-hard,0:40,Excited,249,94
001-hard,0:40,Excited,253,92
001-hard,0:40,Excited,255,93
001-hard,0:40,Excited,258,93
001-hard,0:40,Excited,260,95
001-hard,0:40,Excited,262,95
001-hard,0:40,Excited,264,94
001-hard,0:40,Excited,265,93
001-hard,0:40,Excited,265,96
001-hard,0:40,Excited,268,95
001-hard,0:40,Excited,270,95
001-hard,0:40,Excited,271,94
001-hard,0:40,Excited,271,95
001-hard,0:40,Excited,273,97
001-hard,0:40,Excited,274,95
001-hard,0:40,Excited,273,95
001-hard,0:40,Excited,274,95
001-hard,0:40,Excited,273,95
001-hard,0:40,Excited,273,97
001-hard,0:40,Excited,273,95
001-hard,0:40,Excited,273,96
001-hard,0:40,Excited,271,95
001-hard,0:40,Excited,270,97
001-hard,0:40,Excited,269,97
001-hard,0:40,Excited,270,95
001-hard,0:40,Excited,270,97
001-hard,0:40,Excited,269,95
001-hard,0:40,Excited,270,96
001-hard,0:40,Excited,271,96
001-hard,0:40,Excited,272,96
001-hard,0:40,Excited,275,96
001-hard,0:40,Excited,279,95
001-hard,0:40,Excited,281,95
001-hard,0:40,Excited,285,96
001-hard,0:40,Excited,290,98
001-hard,0:40,Excited,296,97
001-hard,0:40,Excited,305,97
001-hard,0:40,Excited,314,96
001-hard,0:40,Excited,325,97
001-hard,0:40,Excited,336,96
001-hard,0:40,Excited,349,97
001-hard,0:40,Excited,364,98
001-hard,0:40,Excited,380,99
001-hard,0:40,Excited,396,98
001-hard,0:40,Excited,414,98
001-hard,0:40,Excited,431,101
001-hard,0:40,Excited,451,100
001-hard,0:40,Excited,470,100
001-hard,0:40,Excited,489,101
001-hard,0:40,Excited,507,102
001-hard,0:40,Excited,526,103
001-hard,0:40,Excited,543,102
001-hard,0:40,Excited,560,103
001-hard,0:40,Excited,576,102
001-hard,0:40,Excited,590,104
001-hard,0:40,Excited,602,103
001-hard,0:40,Excited,613,104
001-hard,0:40,Excited,623,104
001-hard,0:40,Excited,629,105
001-hard,0:40,Excited,634,105
001-hard,0:40,Excited,636,106
001-hard,0:40,Excited,638,104
001-hard,0:40,Excited,638,106
001-hard,0:40,Excited,638,105
001-hard,0:40,Excited,633,107
001-hard,0:40,Excited,630,105
001-hard,0:40,Excited,622,106
001-hard,0:40,Excited,615,107
001-hard,0:40,Excited,606,107
001-hard,0:40,Excited,596,105
001-hard,0:40,Excited,583,107
001-hard,0:40,Excited,572,106
001-hard,0:40,Excited,559,107
001-hard,0:40,Excited,546,106
001-hard,0:40,Excited,531,107
001-hard,0:40,Excited,518,106
001-hard,0:40,Excited,502,107
001-hard,0:40,Excited,488,105
001-hard,0:40,Excited,473,107
001-hard,0:40,Excited,459,105
001-hard,0:40,Excited,444,104
001-hard,0:40,Excited,428,106
001-hard,0:40,Excited,415,105
001-hard,0:40,Excited,401,104
001-hard,0:40,Excited,387,104
001-hard,0:40,Excited,374,105
001-hard,0:40,Excited,362,105
001-hard,0:40,Excited,349,104
001-hard,0:40,Excited,336,106
001-hard,0:40,Excited,325,104
001-hard,0:40,Excited,315,104
001-hard,0:40,Excited,305,103
001-hard,0:40,Excited,294,104
001-hard,0:40,Excited,286,103
001-hard,0:40,Excited,279,102
001-hard,0:40,Excited,271,102
001-hard,0:40,Excited,264,103
001-hard,0:40,Excited,260,102
001-hard,0:40,Excited,256,102
001-hard,0:40,Excited,252,102
001-hard,0:40,Excited,250,102
001-hard,0:40,Excited,249,101
001-hard,0:40,Excited,249,100
001-hard,0:40,Excited,248,102
001-hard,0:40,Excited,250,101
001-hard,0:40,Excited,253,100
001-hard,0:40,Excited,254,100
001-hard,0:40,Excited,257,101
001-hard,0:40,Excited,263,101
001-hard,0:40,Excited,267,100
001-hard,0:40,Excited,271,100
001-hard,0:40,Excited,277,101
001-hard,0:40,Excited,283,100
001-hard,0:40,Excited,289,99
001-hard,0:40,Excited,293,100
001-hard,0:40,Excited,300,100
001-hard,0:40,Excited,304,100
001-hard,0:40,Excited,312,100
001-hard,0:40,Excited,316,101
001-hard,0:40,Excited,323,98
001-hard,0:40,Excited,329,99
001-hard,0:40,Excited,334,98
001-hard,0:40,Excited,339,99
001-hard,0:40,Excited,345,99
001-hard,0:40,Excited,350,98
001-hard,0:40,Excited,355,100
001-hard,0:40,Excited,358,99
001-hard,0:40,Excited,363,100
001-hard,0:40,Excited,367,99
001-hard,0:40,Excited,368,99
001-hard,0:40,Excited,370,99
001-hard,0:40,Excited,371,99
001-hard,0:40,Excited,373,98
001-hard,0:40,Excited,373,98
001-hard,0:40,Excited,372,100
001-hard,0:40,Excited,371,99
001-hard,0:40,Excited,370,99
001-hard,0:40,Excited,368,100
001-hard,0:40,Excited,364,99
001-hard,0:40,Excited,361,98
001-hard,0:40,Excited,357,100
001-hard,0:40,Excited,350,99
001-hard,0:40,Excited,343,99
001-hard,0:40,Excited,337,99
001-hard,1:05,Excited,286,157
001-hard,1:05,Excited,283,156
001-hard,1:05,Excited,276,156
001-hard,1:05,Excited,268,157
001-hard,1:05,Excited,262,156
001-hard,1:05,Excited,255,155
001-hard,1:05,Excited,248,156
001-hard,1:05,Excited,241,156
001-hard,1:05,Excited,236,155
001-hard,1:05,Excited,228,155
001-hard,1:05,Excited,224,155
001-hard,1:05,Excited,217,154
001-hard,1:05,Excited,213,155
001-hard,1:05,Excited,208,154
001-hard,1:05,Excited,205,154
001-hard,1:05,Excited,203,153
001-hard,1:05,Excited,200,154
001-hard,1:05,Excited,197,152
001-hard,1:05,Excited,196,153
001-hard,1:05,Excited,195,152
001-hard,1:05,Excited,196,153
001-hard,1:05,Excited,197,151
001-hard,1:05,Excited,197,152
001-hard,1:05,Excited,196,151
001-hard,1:05,Excited,198,150
001-hard,1:05,Excited,199,150
001-hard,1:05,Excited,200,151
001-hard,1:05,Excited,201,150
001-hard,1:05,Excited,201,150
001-hard,1:05,Excited,203,150
001-hard,1:05,Excited,208,151
001-hard,1:05,Excited,216,150
001-hard,1:05,Excited,224,149
001-hard,1:05,Excited,235,150
001-hard,1:05,Excited,246,150
001-hard,1:05,Excited,257,149
001-hard,1:05,Excited,267,151
001-hard,1:05,Excited,277,150
001-hard,1:05,Excited,284,151
001-hard,1:05,Excited,289,150
001-hard,1:05,Excited,293,151
001-hard,1:05,Excited,298,151
001-hard,1:05,Excited,298,151
001-hard,1:05,Excited,298,153
001-hard,1:05,Excited,298,152
001-hard,1:05,Excited,296,152
001-hard,1:05,Excited,292,153
001-hard,1:05,Excited,290,152
001-hard,1:05,Excited,285,153
001-hard,1:05,Excited,280,153
001-hard,1:05,Excited,275,153
001-hard,1:05,Excited,270,153
001-hard,1:05,Excited,263,155
001-hard,1:05,Excited,260,153
001-hard,1:05,Excited,255,153
001-hard,1:05,Excited,248,154
001-hard,1:05,Excited,243,153
001-hard,1:05,Excited,237,153
001-hard,1:05,Excited,231,154
001-hard,1:05,Excited,226,153
001-hard,1:05,Excited,221,152
001-hard,1:05,Excited,215,153
001-hard,1:05,Excited,211,153
001-hard,1:05,Excited,208,152
001-hard,1:05,Excited,205,152
001-hard,1:05,Excited,201,153
001-hard,1:05,Excited,202,152
001-hard,1:05,Excited,201,150
001-hard,1:05,Excited,201,152
001-hard,1:05,Excited,204,152
001-hard,1:05,Excited,208,151
001-hard,1:05,Excited,212,151
001-hard,1:05,Excited,219,152
001-hard,1:05,Excited,228,152
001-hard,1:05,Excited,240,150
001-hard,1:05,Excited,255,151
001-hard,1:05,Excited,273,150
001-hard,1:05,Excited,293,152
001-hard,1:05,Excited,314,150
001-hard,1:05,Excited,338,152
001-hard,1:05,Excited,364,151
001-hard,1:05,Excited,390,153
001-hard,1:05,Excited,416,154
001-hard,1:05,Excited,443,155
001-hard,1:05,Excited,466,155
001-hard,1:05,Excited,491,157
001-hard,1:05,Excited,512,158
001-hard,1:05,Excited,533,159
001-hard,1:05,Excited,550,161
001-hard,1:05,Excited,567,161
001-hard,1:05,Excited,582,162
001-hard,1:05,Excited,597,164
001-hard,1:05,Excited,608,166
001-hard,1:05,Excited,620,166
001-hard,1:05,Excited,628,168
001-hard,1:05,Excited,636,168
001-hard,1:05,Excited,638,171
001-hard,1:05,Excited,638,171
001-hard,1:05,Excited,638,173
001-hard,1:05,Excited,638,172
001-hard,1:05,Excited,638,174
001-hard,1:05,Excited,639,173
001-hard,1:05,Excited,638,176
001-hard,1:05,Excited,638,176
001-hard,1:05,Excited,639,176
001-hard,1:05,Excited,638,176
001-hard,1:05,Excited,640,177
001-hard,1:05,Excited,638,178
001-hard,1:05,Excited,639,178
001-hard,1:05,Excited,630,179
001-hard,1:05,Excited,622,178
001-hard,1:05,Excited,611,179
001-hard,1:05,Excited,599,179
001-hard,1:05,Excited,585,179
001-hard,1:05,Excited,572,178
001-hard,1:05,Excited,556,179
001-hard,1:05,Excited,543,179
001-hard,1:05,Excited,526,179
001-hard,1:05,Excited,510,179
001-hard,1:05,Excited,493,179
001-hard,1:05,Excited,477,176
001-hard,1:05,Excited,461,178
001-hard,1:05,Excited,446,177
001-hard,1:05,Excited,427,177
001-hard,1:05,Excited,413,175
001-hard,1:05,Excited,396,176
001-hard,1:05,Excited,383,175
001-hard,1:05,Excited,369,175
001-hard,1:05,Excited,357,174
001-hard,1:05,Excited,345,174
001-hard,1:05,Excited,335,172
001-hard,1:05,Excited,324,173
001-hard,1:05,Excited,317,172
001-hard,1:05,Excited,307,173
001-hard,1:05,Excited,299,171
001-hard,1:05,Excited,292,171
001-hard,1:05,Excited,286,170
001-hard,1:05,Excited,278,170
001-hard,1:05,Excited,274,169
001-hard,1:05,Excited,267,170
001-hard,1:05,Excited,265,168
001-hard,1:05,Excited,260,167
001-hard,1:05,Excited,258,168
001-hard,1:05,Excited,254,167
001-hard,1:05,Excited,253,166
001-hard,1:05,Excited,250,166
001-hard,1:05,Excited,250,165
001-hard,1:05,Excited,251,165
001-hard,1:05,Excited,252,165
001-hard,1:05,Excited,252,165
001-hard,1:05,Excited,255,162
001-hard,1:05,Excited,256,164
001-hard,1:05,Excited,260,163
001-hard,1:05,Excited,262,163
001-hard,1:05,Excited,266,163
001-hard,1:05,Excited,269,163
001-hard,1:05,Excited,274,160
001-hard,1:28,Neutral,257,137
001-hard,1:28,Neutral,257,136
001-hard,1:28,Neutral,256,137
001-hard,1:28,Neutral,257,136
001-hard,1:28,Neutral,256,137
001-hard,1:28,Neutral,258,136
001-hard,1:28,Neutral,257,137
001-hard,1:28,Neutral,258,137
001-hard,1:28,Neutral,258,135
001-hard,1:28,Neutral,257,137
001-hard,1:28,Neutral,258,137
001-hard,1:28,Neutral,259,136
001-hard,1:28,Neutral,259,135
001-hard,1:28,Neutral,258,137
001-hard,1:28,Neutral,259,136
001-hard,1:28,Neutral,259,136
001-hard,1:28,Neutral,258,137
001-hard,1:28,Neutral,259,137
001-hard,1:28,Neutral,261,135
001-hard,1:28,Neutral,261,135
001-hard,1:28,Neutral,261,137
001-hard,1:28,Neutral,265,137
001-hard,1:28,Neutral,267,135
001-hard,1:28,Neutral,270,136
001-hard,1:28,Neutral,276,137
001-hard,1:28,Neutral,283,136
001-hard,1:28,Neutral,289,135
001-hard,1:28,Neutral,296,137
001-hard,1:28,Neutral,306,137
001-hard,1:28,Neutral,315,136
001-hard,1:28,Neutral,327,137
001-hard,1:28,Neutral,340,138
001-hard,1:28,Neutral,354,139
001-hard,1:28,Neutral,369,138
001-hard,1:28,Neutral,384,138
001-hard,1:28,Neutral,399,141
001-hard,1:28,Neutral,417,140
001-hard,1:28,Neutral,433,140
001-hard,1:28,Neutral,449,142
001-hard,1:28,Neutral,465,141
001-hard,1:28,Neutral,480,142
001-hard,1:28,Neutral,496,145
001-hard,1:28,Neutral,510,144
001-hard,1:28,Neutral,523,145
001-hard,1:28,Neutral,535,146
001-hard,1:28,Neutral,548,147
001-hard,1:28,Neutral,558,148
001-hard,1:28,Neutral,566,149
001-hard,1:28,Neutral,574,149
001-hard,1:28,Neutral,581,150
001-hard,1:28,Neutral,586,151
001-hard,1:28,Neutral,590,152
001-hard,1:28,Neutral,592,153
001-hard,1:28,Neutral,592,152
001-hard,1:28,Neutral,593,154
001-hard,1:28,Neutral,591,154
001-hard,1:28,Neutral,589,155
001-hard,1:28,Neutral,584,156
001-hard,1:28,Neutral,579,155
001-hard,1:28,Neutral,573,155
001-hard,1:28,Neutral,567,157
001-hard,1:28,Neutral,559,157
001-hard,1:28,Neutral,552,156
001-hard,1:28,Neutral,543,157
001-hard,1:28,Neutral,534,156
001-hard,1:28,Neutral,526,158
001-hard,1:28,Neutral,518,157
001-hard,1:28,Neutral,509,157
001-hard,1:28,Neutral,499,158
001-hard,1:28,Neutral,491,155
001-hard,1:28,Neutral,481,157
001-hard,1:28,Neutral,473,156
001-hard,1:28,Neutral,464,157
001-hard,1:28,Neutral,454,156
001-hard,1:28,Neutral,446,154
001-hard,1:28,Neutral,436,155
001-hard,1:28,Neutral,429,154
001-hard,1:28,Neutral,418,155
001-hard,1:28,Neutral,410,154
001-hard,1:28,Neutral,402,154
001-hard,1:28,Neutral,393,153
001-hard,1:28,Neutral,386,153
001-hard,1:28,Neutral,377,154
001-hard,1:28,Neutral,370,152
001-hard,1:28,Neutral,362,152
001-hard,1:28,Neutral,354,151
001-hard,1:28,Neutral,348,152
001-hard,1:28,Neutral,343,151
001-hard,1:28,Neutral,336,152
001-hard,1:28,Neutral,330,150
001-hard,1:28,Neutral,327,150
001-hard,1:28,Neutral,324,150
001-hard,1:28,Neutral,322,150
001-hard,1:28,Neutral,318,150
001-hard,1:28,Neutral,317,148
001-hard,1:28,Neutral,314,149
001-hard,1:28,Neutral,315,149
001-hard,1:28,Neutral,313,150
001-hard,1:28,Neutral,312,148
001-hard,1:28,Neutral,310,148
001-hard,1:28,Neutral,310,147
001-hard,1:28,Neutral,311,147
001-hard,1:28,Neutral,311,147
001-hard,1:28,Neutral,311,147
001-hard,1:28,Neutral,312,146
001-hard,1:28,Neutral,313,146
001-hard,1:28,Neutral,315,145
001-hard,1:28,Neutral,316,147
001-hard,1:28,Neutral,317,146
001-hard,1:28,Neutral,319,145
001-hard,1:28,Neutral,320,146
001-hard,1:28,Neutral,322,145
001-hard,1:28,Neutral,324,146
001-hard,1:28,Neutral,327,144
001-hard,1:28,Neutral,326,146
001-hard,1:28,Neutral,329,144
001-hard,1:28,Neutral,329,144
001-hard,1:28,Neutral,332,144
001-hard,1:28,Neutral,332,145
001-hard,1:28,Neutral,333,143
001-hard,1:28,Neutral,332,144
001-hard,1:28,Neutral,332,144
001-hard,1:28,Neutral,332,144
001-hard,1:28,Neutral,332,143
001-hard,1:28,Neutral,330,144
001-hard,1:28,Neutral,330,142
001-hard,1:28,Neutral,329,144
001-hard,1:28,Neutral,329,143
001-hard,1:28,Neutral,327,144
001-hard,1:28,Neutral,325,142
001-hard,1:28,Neutral,323,143
001-hard,1:28,Neutral,320,142
001-hard,1:28,Neutral,318,143
001-hard,1:28,Neutral,317,142
001-hard,1:28,Neutral,313,144
001-hard,1:28,Neutral,311,142
001-hard,1:28,Neutral,307,142
001-hard,1:28,Neutral,305,141
001-hard,1:28,Neutral,302,143
001-hard,1:28,Neutral,299,142
001-hard,1:28,Neutral,294,142
001-hard,1:28,Neutral,291,142
001-hard,1:28,Neutral,288,143
001-hard,1:28,Neutral,285,141
001-hard,1:28,Neutral,282,143
001-hard,1:28,Neutral,278,142
001-hard,1:28,Neutral,275,141
001-hard,1:28,Neutral,273,141
001-hard,1:28,Neutral,271,141
001-hard,1:28,Neutral,268,142
001-hard,1:28,Neutral,267,140
001-hard,1:28,Neutral,264,141
001-hard,1:28,Neutral,263,141
001-hard,1:28,Neutral,260,142
001-hard,1:28,Neutral,260,140
001-hard,1:28,Neutral,258,141
001-hard,1:28,Neutral,257,140
001-hard,1:51,Frustrated,431,173
001-hard,1:51,Frustrated,421,172
001-hard,1:51,Frustrated,412,172
001-hard,1:51,Frustrated,403,170
001-hard,1:51,Frustrated,394,171
001-hard,1:51,Frustrated,385,170
001-hard,1:51,Frustrated,375,171
001-hard,1:51,Frustrated,369,170
001-hard,1:51,Frustrated,361,170
001-hard,1:51,Frustrated,355,168
001-hard,1:51,Frustrated,347,168
001-hard,1:51,Frustrated,338,169
001-hard,1:51,Frustrated,331,169
001-hard,1:51,Frustrated,324,167
001-hard,1:51,Frustrated,316,167
001-hard,1:51,Frustrated,309,167
001-hard,1:51,Frustrated,302,165
001-hard,1:51,Frustrated,294,166
001-hard,1:51,Frustrated,288,167
001-hard,1:51,Frustrated,283,165
001-hard,1:51,Frustrated,277,164
001-hard,1:51,Frustrated,271,165
001-hard,1:51,Frustrated,268,165
001-hard,1:51,Frustrated,265,164
001-hard,1:51,Frustrated,262,164
001-hard,1:51,Frustrated,259,163
001-hard,1:51,Frustrated,258,163
001-hard,1:51,Frustrated,257,161
001-hard,1:51,Frustrated,255,163
001-hard,1:51,Frustrated,256,161
001-hard,1:51,Frustrated,257,161
001-hard,1:51,Frustrated,256,161
001-hard,1:51,Frustrated,258,161
001-hard,1:51,Frustrated,260,160
001-hard,1:51,Frustrated,261,159
001-hard,1:51,Frustrated,262,161
001-hard,1:51,Frustrated,266,159
001-hard,1:51,Frustrated,267,158
001-hard,1:51,Frustrated,268,160
001-hard,1:51,Frustrated,271,159
001-hard,1:51,Frustrated,273,158
001-hard,1:51,Frustrated,276,158
001-hard,1:51,Frustrated,279,157
001-hard,1:51,Frustrated,281,158
001-hard,1:51,Frustrated,284,158
001-hard,1:51,Frustrated,287,158
001-hard,1:51,Frustrated,288,158
001-hard,1:51,Frustrated,290,159
001-hard,1:51,Frustrated,292,159
001-hard,1:51,Frustrated,294,158
001-hard,1:51,Frustrated,296,157
001-hard,1:51,Frustrated,296,159
001-hard,1:51,Frustrated,298,159
001-hard,1:51,Frustrated,298,158
001-hard,1:51,Frustrated,299,158
001-hard,1:51,Frustrated,299,158
001-hard,1:51,Frustrated,300,156
001-hard,1:51,Frustrated,301,158
001-hard,1:51,Frustrated,302,159
001-hard,1:51,Frustrated,301,158
001-hard,1:51,Frustrated,302,158
001-hard,1:51,Frustrated,301,158
001-hard,1:51,Frustrated,302,159
001-hard,1:51,Frustrated,304,158
001-hard,1:51,Frustrated,302,158
001-hard,1:51,Frustrated,301,157
001-hard,1:51,Frustrated,301,159
001-hard,1:51,Frustrated,301,158
001-hard,1:51,Frustrated,298,159
001-hard,1:51,Frustrated,298,157
001-hard,1:51,Frustrated,295,158
001-hard,1:51,Frustrated,295,158
001-hard,1:51,Frustrated,294,159
001-hard,1:51,Frustrated,294,157
001-hard,1:51,Frustrated,292,159
001-hard,1:51,Frustrated,291,158
001-hard,1:51,Frustrated,290,158
001-hard,1:51,Frustrated,290,157
001-hard,1:51,Frustrated,288,158
001-hard,1:51,Frustrated,290,157
001-hard,1:51,Frustrated,287,158
001-hard,1:51,Frustrated,286,156
001-hard,1:51,Frustrated,283,158
001-hard,1:51,Frustrated,281,157
001-hard,1:51,Frustrated,276,158
001-hard,1:51,Frustrated,273,157
001-hard,1:51,Frustrated,268,158
001-hard,1:51,Frustrated,264,156
001-hard,1:51,Frustrated,261,156
001-hard,1:51,Frustrated,257,157
001-hard,1:51,Frustrated,253,156
001-hard,1:51,Frustrated,251,157
001-hard,1:51,Frustrated,247,156
001-hard,1:51,Frustrated,246,157
001-hard,1:51,Frustrated,245,156
001-hard,1:51,Frustrated,242,157
001-hard,1:51,Frustrated,241,156
001-hard,1:51,Frustrated,240,155
001-hard,1:51,Frustrated,242,155
001-hard,1:51,Frustrated,241,155
001-hard,1:51,Frustrated,242,155
001-hard,1:51,Frustrated,242,154
001-hard,1:51,Frustrated,244,154
001-hard,1:51,Frustrated,245,154
001-hard,1:51,Frustrated,246,155
001-hard,1:51,Frustrated,245,154
001-hard,1:51,Frustrated,246,154
001-hard,1:51,Frustrated,246,154
001-hard,1:51,Frustrated,247,154
001-hard,1:51,Frustrated,249,153
001-hard,1:51,Frustrated,248,155
001-hard,1:51,Frustrated,248,154
001-hard,1:51,Frustrated,249,153
001-hard,1:51,Frustrated,249,152
001-hard,1:51,Frustrated,250,153
001-hard,1:51,Frustrated,250,152
001-hard,1:51,Frustrated,250,153
001-hard,1:51,Frustrated,249,152
001-hard,1:51,Frustrated,249,153
001-hard,1:51,Frustrated,250,153
001-hard,1:51,Frustrated,249,153
001-hard,1:51,Frustrated,249,152
001-hard,1:51,Frustrated,249,153
001-hard,1:51,Frustrated,249,151
001-hard,1:51,Frustrated,249,153
001-hard,1:51,Frustrated,248,152
001-hard,1:51,Frustrated,247,152
001-hard,1:51,Frustrated,245,152
001-hard,1:51,Frustrated,245,152
001-hard,1:51,Frustrated,245,151
001-hard,1:51,Frustrated,244,153
001-hard,1:51,Frustrated,244,152
001-hard,1:51,Frustrated,243,152
001-hard,1:51,Frustrated,243,151
001-hard,1:51,Frustrated,244,153
001-hard,1:51,Frustrated,246,152
001-hard,1:51,Frustrated,246,153
001-hard,1:51,Frustrated,249,152
001-hard,1:51,Frustrated,253,153
001-hard,1:51,Frustrated,259,152
001-hard,1:51,Frustrated,264,153
001-hard,1:51,Frustrated,272,152
001-hard,1:51,Frustrated,279,153
001-hard,1:51,Frustrated,291,152
001-hard,1:51,Frustrated,302,153
001-hard,1:51,Frustrated,315,153
001-hard,1:51,Frustrated,327,154
001-hard,1:51,Frustrated,344,152
001-hard,1:51,Frustrated,359,154
001-hard,1:51,Frustrated,378,155
001-hard,1:51,Frustrated,395,156
001-hard,1:51,Frustrated,414,156
001-hard,1:51,Frustrated,430,158
001-hard,1:51,Frustrated,449,156
001-hard,1:51,Frustrated,467,158
001-hard,1:51,Frustrated,486,159
001-hard,1:51,Frustrated,501,161
